{
  "name": "library-reviews-backend",
  "version": "1.0.0",
  "description": "Backend para la aplicación Library Reviews",
  "main": "server.js",
  "type": "module",
  "scripts": {
    "start": "node server.js",
    "dev": "nodemon server.js"
  },
  "keywords": [],
  "author": "Javier López Padilla",
  "license": "ISC",
  "dependencies": {
    "bcryptjs": "^2.4.3",
    "body-parser": "^1.20.2",
    "cors": "^2.8.5",
    "express": "^4.18.2",
    "jsonwebtoken": "^9.0.2",
    "multer": "^1.4.5-lts.1",
    "mysql": "^2.18.1",
    "nodemailer": "^6.9.12"
  },
  "devDependencies": {
    "nodemon": "^3.0.2"
  }
}
